dates,delta18O_permil,delta2H_permil
YYYY-MM-DD,permil,permil
2024-01-01,-18.5071242118943,-137.111751837169
2024-01-02,-16.4736928436067,-125.382870090052
2024-01-03,-15.28370228629,-117.358867659594
2024-01-04,-17.5904977641389,-132.303324429101
2024-01-05,-17.7677275671932,-134.849419128461
2024-01-06,-18.3471877392002,-138.174713295291
2024-01-07,-17.9940543255291,-135.674470433229
2024-01-08,-18.826353269922,-138.002327309424
2024-01-09,-18.5487022022001,-136.262747074028
2024-01-10,-16.8837228871859,-127.756175303209
2024-01-11,-19.0102579074622,-136.606761639675
2024-01-12,-18.6879534737758,-132.700180531061
2024-01-13,-18.2461403766352,-129.84386988278
2024-01-14,-15.926063846558,-120.944153417872
2024-01-15,-17.7047828779199,-133.399209700848
2024-01-16,-17.2761842997371,-128.666243216072
2024-01-17,-17.6150274549059,-133.226838175077
2024-01-18,-18.4109394606472,-138.782122139449
2024-01-19,-17.0571998410742,-127.213453864991
2024-01-20,-17.3386090601377,-124.499740621402
2024-01-21,-16.3039069321849,-122.653653007055
2024-01-22,-14.9772304680862,-114.836557273181
2024-01-23,-17.7443605103811,-133.392646587103
2024-01-24,-15.2910127133245,-117.973624288012
2024-01-25,-14.3422309862066,-112.496179813725
2024-01-26,-15.7526059645096,-120.289436495678
2024-01-27,-17.5128686665637,-133.030573141911
2024-01-28,-16.3075211708477,-124.861694556168
2024-01-29,-15.7742273127859,-120.132939514166
2024-01-30,-16.1622089595693,-122.470924919891
2024-01-31,-15.0868267026909,-115.234352760768
2024-02-01,-16.8206432086754,-127.649601924188
2024-02-02,-17.5711847783145,-132.551618199683
2024-02-03,-16.2757828004509,-124.05234503107
2024-02-04,-15.2509437951713,-117.556783614106
2024-02-05,-15.0321935235568,-116.794517119166
2024-02-06,-15.5735156922164,-119.363330466068
2024-02-07,-16.5504320582812,-125.58617466246
2024-02-08,-16.0321473004234,-122.925175418951
2024-02-09,-16.7348717724781,-126.539922441109
2024-02-10,-15.4888391654748,-114.80001216046
2024-02-11,-17.2993348361352,-130.44639847508
2024-02-12,-15.5419360781921,-118.498243543171
2024-02-13,-15.4583693800761,-118.210344424031
2024-02-14,-14.2618331841057,-111.361377545251
2024-02-15,-13.4983905066418,-104.440713827469
2024-02-16,-14.8870228635473,-113.404683330649
2024-02-17,-14.3967888467186,-109.714618352313
2024-02-18,-14.4362275113575,-111.181831316383
2024-02-19,-15.230299995088,-114.230027660312
2024-02-20,-16.3600700609467,-123.689276551307
2024-02-21,-13.8333259892545,-107.371153839541
2024-02-22,-17.3652692860888,-131.883938113953
2024-02-23,-15.8526009718663,-118.710903346133
2024-02-24,-14.9261863880165,-112.987064688985
2024-02-25,-13.6458341338657,-104.618686726228
2024-02-26,-16.6379467294595,-126.123700955944
2024-02-27,-17.0082106457884,-128.904365202566
2024-02-28,-16.938163980203,-127.554409599146
2024-02-29,-12.019841341153,-92.3170616601281
2024-03-01,-20.1685473551788,-150.106612507991
2024-03-02,-14.1222055332863,-108.248794115006
2024-03-03,-17.2203133778157,-127.747188044417
2024-03-04,-15.2619813693953,-117.584002255936
2024-03-05,-16.4201011020407,-124.91293278209
2024-03-06,-15.9386693507682,-120.286507766176
2024-03-07,-13.2091913699262,-100.989517311085
2024-03-08,-13.2743414891875,-102.234754306423
2024-03-09,-16.8826005301039,-124.416853824279
2024-03-10,-16.5124350114679,-126.33712059105
2024-03-11,-14.4553481327629,-109.717748586531
2024-03-12,-16.0013125665427,-120.837491412903
2024-03-13,-15.51337093648,-114.155243564086
2024-03-14,-11.1293744148194,-87.9588421899872
2024-03-15,-15.1084744533067,-112.552398453712
2024-03-16,-14.1921982698109,-103.598578258646
2024-03-17,-17.0013619591006,-129.68129398555
2024-03-18,-16.0988104179543,-120.898765951176
2024-03-19,-13.3843425353071,-100.040532624588
2024-03-20,-10.3264441562366,-82.0768083773463
2024-03-21,-15.2427385834026,-113.358232986181
2024-03-22,-11.6253574606348,-91.3872065184645
2024-03-23,-15.1048310515265,-114.386619610095
2024-03-24,-17.7139808178204,-130.940289736135
2024-03-25,-12.0215826525557,-90.9599633806479
2024-03-26,-15.5344937025296,-110.357072131796
2024-03-27,-15.043721698034,-117.543876306176
2024-03-28,-15.4944576740629,-118.329429523667
2024-03-29,-12.7526882497334,-97.418697441064
2024-03-30,-15.8622794695783,-120.054581337537
2024-03-31,-14.1794496962335,-105.703960169051
2024-04-01,-16.065931645086,-120.148089132447
2024-04-02,-14.5008904400594,-108.006161310789
2024-04-03,-17.1448139537278,-131.150891277642
2024-04-04,-11.5888928854777,-92.5853692745706
2024-04-05,-8.15533490378136,-57.9127680991606
2024-04-06,-6.0234356479573,-38.9679601594872
2024-04-07,-6.88040736538048,-47.7477393367446
2024-04-08,-7.79946908296901,-58.3448299993225
2024-04-09,-10.934907980849,-92.5535122065082
2024-04-10,-15.7232829829264,-119.846071134973
2024-04-11,-11.0596363828311,-87.5277283876969
2024-04-12,-8.74108683025701,-65.2418584115526
2024-04-13,-6.33188622518165,-39.5101925340952
2024-04-14,-5.36169938157532,-33.7089703902585
2024-04-15,-10.1713233545868,-79.7976284303902
2024-04-16,-16.5292578203592,-124.70185955806
2024-04-17,-16.3005075153076,-123.908105840245
2024-04-18,-15.3477636426024,-115.875561850776
2024-04-19,-14.6153811365235,-113.098513427019
2024-04-20,-16.3201827429406,-123.090704718845
2024-04-21,-15.9388535416478,-122.00140688395
2024-04-22,-16.303518929244,-122.563663756459
2024-04-23,-14.0546965959467,-107.357533829107
2024-04-24,-16.3481482310909,-123.611576341371
2024-04-25,-14.2413447845338,-106.561523868589
2024-04-26,-13.0839261307265,-98.6022283276307
2024-04-27,-13.4310693073634,-100.39830702677
2024-04-28,-12.7959618177844,-99.3874898220199
2024-04-29,-10.7068608530469,-82.1974810363572
2024-04-30,-9.81738805351773,-75.4789443616043
2024-05-01,-11.2832101520426,-85.8605532008865
2024-05-02,-14.0196838017484,-104.048072658438
2024-05-03,-15.6348200908452,-118.822278113701
2024-05-04,-10.3840831349879,-83.2068398451601
2024-05-05,-10.6365450916358,-82.1921371010277
2024-05-06,-14.5667609626322,-109.196540755457
2024-05-07,-18.685978693337,-139.160082405999
2024-05-08,-13.0471515478934,-96.8913277129617
2024-05-09,-10.276911535255,-76.6191564223447
2024-05-10,-8.20159212507201,-53.1531762671812
2024-05-11,-7.0680837986615,-42.494571364899
2024-05-12,-6.46129627787366,-40.5526398972398
2024-05-13,-9.56845776654491,-71.9484421101401
2024-05-14,-9.07236378140948,-64.7819836321941
2024-05-15,-11.606577293893,-87.6725103778782
2024-05-16,-14.8725239261534,-110.517767339546
2024-05-17,-11.7279337642001,-86.5397302560412
2024-05-18,-10.4649616641346,-77.3976083092734
2024-05-19,-9.79152387191481,-69.519407893388
2024-05-20,-9.17380761406879,-67.5148038788587
2024-05-21,-11.1395771751291,-83.6415411420037
2024-05-22,-11.2822202488582,-82.9108944586053
2024-05-23,-13.6106544662537,-99.4910155439442
2024-05-24,-12.5701550157527,-93.4035159998971
2024-05-25,-10.848838310517,-79.9442802202973
2024-05-26,-9.55555299335625,-69.6683377565346
2024-05-27,-10.4728616736879,-82.8497901515847
2024-05-28,-10.5925935984001,-75.0991875952183
2024-05-29,-11.3630848001116,-87.1194583809103
2024-05-30,-10.7367676258582,-82.3669537232652
2024-05-31,-16.0715657546379,-119.91505598499
2024-06-01,-10.4625120542711,-78.3056127197394
2024-06-02,-11.9990510236948,-91.0696015348772
2024-06-03,-8.71764868285908,-65.2479972462164
2024-06-04,-6.80977614770455,-42.7597523560469
2024-06-05,-5.49165278023099,-30.9242396089131
2024-06-06,-4.48693585993949,-29.7677817599142
2024-06-07,-5.99638262588628,-38.2450486651214
2024-06-08,-8.80153697230949,-71.53183806333
2024-06-09,-6.70130696315181,-48.2971920320389
2024-06-10,-9.47731715724405,-72.2659061771556
2024-06-11,-9.95319744251021,-83.9013980102902
2024-06-12,-10.1693204111799,-76.8892678889139
2024-06-13,-8.92507598730498,-61.6202859655336
2024-06-14,-11.4446088160583,-88.7485658435676
2024-06-15,-11.0658649056328,-86.8128534468759
2024-06-16,-7.42092606954475,-49.0993651314301
2024-06-17,-4.30590364516341,-27.847174004782
2024-06-18,-4.14821501983254,-27.0249033565106
2024-06-19,-4.14465829039346,-30.5576247145833
2024-06-20,-10.459250469207,-81.865144553839
2024-06-21,-11.485631824829,-90.9345261866799
2024-06-22,-10.4218041984424,-81.7166206207412
2024-06-23,-9.59346004029029,-75.0579619920915
2024-06-24,-6.46871143077748,-37.8645761429283
2024-06-25,-4.91932891077248,-30.8149123459058
2024-06-26,-7.50440735587029,-55.2241038256578
2024-06-27,-3.54981425359167,-26.8343915083609
2024-06-28,-3.44721650022296,-30.3640246122701
2024-06-29,-5.49790987024089,-36.9566312364903
2024-06-30,-7.86998929227029,-58.4320126119081
2024-07-01,-8.65030431438458,-61.5793660556362
2024-07-02,-7.46723140439828,-48.6287131066406
2024-07-03,-10.2018901823407,-79.8608908027851
2024-07-04,-6.23872006515533,-34.7210885285077
2024-07-05,-4.05735822155438,-24.3322282381737
2024-07-06,-5.53860367400481,-36.0446931364011
2024-07-07,-9.05632603189997,-64.8779464568102
2024-07-08,-5.03282441049736,-27.7763000430352
2024-07-09,-2.23753152215142,-22.9095160414084
2024-07-10,-5.04153941731492,-33.3576030077029
2024-07-11,-5.00039767267224,-31.0757086318768
2024-07-12,-10.41440716931,-83.532663580403
2024-07-13,-8.2055075628801,-56.2648084114026
2024-07-14,-5.24687868095306,-29.2345794042666
2024-07-15,-2.85024989280359,-24.4089897540554
2024-07-16,-5.71957401141716,-32.5074019326053
2024-07-17,-6.18205083506741,-35.166649981709
2024-07-18,-4.48927517556962,-27.4971100508281
2024-07-19,-2.8794444280119,-25.3588215634165
2024-07-20,-2.34160356450864,-23.3527409480559
2024-07-21,-8.80803977078527,-64.303374106403
2024-07-22,-7.05160095000698,-38.6234874297293
2024-07-23,-5.89124937183944,-34.0577940528879
2024-07-24,-5.34974572229505,-30.7969209801996
2024-07-25,-4.28880296920243,-26.4276480924653
2024-07-26,-3.43895800506685,-25.6925888373914
2024-07-27,-2.04215259808086,-27.395913973544
2024-07-28,-4.44203094695003,-31.7031022661231
2024-07-29,-1.94623610464403,-24.3426122730064
2024-07-30,-2.07807331317632,-26.9771842336452
2024-07-31,-1.72698302498141,-26.6229758327681
2024-08-01,-5.70952759079361,-34.3571495569321
2024-08-02,-4.35339229424629,-28.2563735397188
2024-08-03,-4.81126791988277,-28.3701927195305
2024-08-04,-5.21325339757577,-30.5560419714133
2024-08-05,-4.03921422848546,-26.3026726571323
2024-08-06,-2.48875497921001,-24.5867585721584
2024-08-07,-5.72472718837125,-33.9213912964227
2024-08-08,-3.99011888274037,-27.2276452229619
2024-08-09,-3.1302698896306,-25.1448111432067
2024-08-10,-2.80168992239281,-25.9466677549543
2024-08-11,-2.40755038675069,-27.7213294114853
2024-08-12,-0.648660547512728,-21.7291565085769
2024-08-13,-0.106567371369641,-18.1580040807376
2024-08-14,-6.6117867156256,-41.3250026590533
2024-08-15,-2.53551497898536,-23.2505811559897
2024-08-16,-3.40749048287621,-26.4298331829599
2024-08-17,-11.2433004631474,-85.2335243848025
2024-08-18,-10.7782557116348,-83.7846660095659
2024-08-19,-7.10200432112642,-45.8252930380059
2024-08-20,-5.5448158016847,-32.3704961445834
2024-08-21,-6.81516912175613,-43.234884534489
2024-08-22,-5.47198269563884,-31.975713019214
2024-08-23,-2.8214453419911,-22.7738365234653
2024-08-24,-1.51002164328616,-21.3993425600697
2024-08-25,-9.84613727453697,-73.3584347281254
2024-08-26,-8.11221891034933,-55.472591399925
2024-08-27,-3.28631610006824,-24.0893128087557
2024-08-28,-2.57934033654846,-23.1921772201789
2024-08-29,-2.48604677872209,-24.5867370779632
2024-08-30,-2.45820858068558,-25.026615760581
2024-08-31,-2.15692816782356,-23.888470470337
2024-09-01,-2.01872785051464,-17.3635459410398
2024-09-02,-7.64997263241073,-47.2947031226118
2024-09-03,-6.71164046883636,-35.2273860107671
2024-09-04,-7.25476913993126,-42.8669873671853
2024-09-05,-10.1208126390068,-75.1393374225195
2024-09-06,-5.0320948762889,-24.7938299328204
2024-09-07,-4.62181673300405,-21.8031330807562
2024-09-08,-8.50190978101032,-65.1564559412886
2024-09-09,-12.6655464972861,-89.8108243505981
2024-09-10,-9.51458002452934,-66.1313221951969
2024-09-11,-11.9605522505061,-84.8583471919401
2024-09-12,-14.0635745066975,-96.9660090986275
2024-09-13,-16.0886053401817,-115.530724361325
2024-09-14,-13.194241953636,-94.9099929635288
2024-09-15,-10.7089621187428,-77.518706270486
2024-09-16,-13.4027587996691,-97.4505109807902
2024-09-17,-9.69526976926317,-70.5244641787946
2024-09-18,-9.9891791142185,-73.61935324517
2024-09-19,-10.1265992361784,-74.7124555033381
2024-09-20,-8.19886634782984,-57.6352621753725
2024-09-21,-8.11965221764863,-55.2748325279164
2024-09-22,-7.34195319960264,-49.4836655524662
2024-09-23,-13.450335542619,-95.1666690720666
2024-09-24,-11.0069757815865,-78.6105033967097
2024-09-25,-10.6198979245759,-79.0018628742882
2024-09-26,-13.5482113108524,-96.7406117515937
2024-09-27,-11.7000951712383,-85.2707802029184
2024-09-28,-14.0968116798053,-101.35017353002
2024-09-29,-12.2190189584367,-87.6768831403343
2024-09-30,-9.30540356471063,-66.9073566154801
2024-10-01,-14.7774827447176,-108.162611494443
2024-10-02,-12.5152507798231,-87.9722056930315
2024-10-03,-15.0679973214967,-111.35767318231
2024-10-04,-13.1174035442555,-97.5413697168031
2024-10-05,-12.2004460478102,-89.5652711429536
2024-10-06,-12.9540290772266,-98.7430095079625
2024-10-07,-8.6299443950003,-64.7422319617847
2024-10-08,-13.9760286091573,-102.375556432569
2024-10-09,-10.972224905116,-82.7562672362306
2024-10-10,-11.406139388541,-81.9665790218345
2024-10-11,-12.3500928023892,-90.1286963536432
2024-10-12,-12.3074201029204,-92.952961110614
2024-10-13,-13.9431077488317,-101.820200361429
2024-10-14,-15.2369998229107,-113.293977688421
2024-10-15,-10.8383043771899,-81.4315582767117
2024-10-16,-8.20207669272256,-62.6207706868592
2024-10-17,-8.21526887904424,-63.2611003765925
2024-10-18,-10.3788057898368,-79.0793115827657
2024-10-19,-14.0355964111985,-103.595637088494
2024-10-20,-10.9528587490271,-82.3469412492589
2024-10-21,-9.7824702899681,-74.0685219238196
2024-10-22,-10.4510862312956,-78.3576860754177
2024-10-23,-11.225469312553,-83.2920653459482
2024-10-24,-10.9408631196139,-80.9209864182126
2024-10-25,-9.82547765434452,-76.15954052792
2024-10-26,-9.67477864233412,-75.4588949954949
2024-10-27,-10.3880199349249,-78.5642371086457
2024-10-28,-12.088802793989,-89.0017172002617
2024-10-29,-12.5917691055478,-93.1051270250544
2024-10-30,-12.8744800594862,-95.94271018061
2024-10-31,-13.4411675015672,-101.254628470504
2024-11-01,-15.0118703323867,-113.218904723533
2024-11-02,-15.5998938039889,-117.359735577973
2024-11-03,-15.4577248000825,-116.868413585849
2024-11-04,-15.704316674583,-118.596082892491
2024-11-05,-15.3143797995734,-116.269086866008
2024-11-06,-15.613720684859,-118.036834470486
2024-11-07,-16.7212793279891,-124.716504080934
2024-11-08,-16.6187807692086,-123.738396620203
2024-11-09,-16.9875867969838,-126.350911898594
2024-11-10,-16.8979964454817,-125.631473004922
2024-11-11,-17.0467186046585,-127.40237389185
2024-11-12,-15.4644136424401,-117.075260112297
2024-11-13,-16.2472746977856,-121.039684581527
2024-11-14,-16.8302532052678,-125.572692184172
2024-11-15,-18.3624466743825,-134.668244829733
2024-11-16,-17.9392352686585,-133.15436472026
2024-11-17,-16.4739964669107,-123.796349595476
2024-11-18,-17.1772734248697,-127.465928652014
2024-11-19,-19.8258498460327,-145.423565815382
2024-11-20,-17.5026825425691,-129.937372515264
2024-11-21,-19.9952663232027,-140.102171008463
2024-11-22,-20.1675817806846,-142.63769814281
2024-11-23,-17.9787113813356,-128.865191231449
2024-11-24,-17.7991511886053,-131.298011676116
2024-11-25,-14.489460398031,-111.05312661661
2024-11-26,-19.3622478222516,-142.34896571408
2024-11-27,-19.7083609139706,-144.234795622976
2024-11-28,-18.2360579837196,-135.551171209407
2024-11-29,-17.0751414187139,-127.877188507803
2024-11-30,-19.6578798345583,-138.873357736214
2024-12-01,-17.9573071823045,-130.754147919649
2024-12-02,-16.3160247695419,-122.607621169206
2024-12-03,-18.0960719730181,-135.245499740201
2024-12-04,-17.0787701835444,-128.156178425263
2024-12-05,-17.3917914727922,-128.543200938621
2024-12-06,-15.1183118061664,-114.808029891477
2024-12-07,-17.2026889486612,-129.441573693995
2024-12-08,-18.4718861331564,-135.355523576517
2024-12-09,-17.989096669054,-133.6121408097
2024-12-10,-18.7016994241616,-134.698291609678
2024-12-11,-19.0890507780802,-134.915455304332
2024-12-12,-18.817995842258,-131.863739187122
2024-12-13,-16.3339495208872,-123.025979593658
2024-12-14,-18.1820605414022,-133.055632246715
2024-12-15,-16.458218047489,-124.676664048983
2024-12-16,-18.1162787836714,-132.566380138016
2024-12-17,-17.3785666004548,-130.765255584731
2024-12-18,-17.4519824881429,-130.432353302612
2024-12-19,-18.6954645653964,-139.535207344238
2024-12-20,-17.1842012403372,-128.27430305125
2024-12-21,-17.4462991108376,-127.845808664107
2024-12-22,-18.3757027690478,-135.891004589416
2024-12-23,-19.1816891460871,-138.427135128057
2024-12-24,-19.270334573465,-136.787717072081
2024-12-25,-19.198245720993,-133.325634130695
2024-12-26,-19.7217608531333,-136.121667431649
2024-12-27,-19.3204128965846,-136.029126422335
2024-12-28,-19.6094124944909,-137.795487893138
2024-12-29,-19.4445118654476,-137.246094332257
2024-12-30,-19.7111560178793,-138.611522495931
2024-12-31,-19.5230767488778,-137.289109415943