param_id,site,Beech,Spruce
COVER_FRAC,NA,0.60,0.40
### Isotope transport parameters  -------,NA,NA,NA
### TODO,42,NA,NA
### TODO2,42,NA,NA
VXYLEM_mm,NA,20.0,25.0
DISPERSIVITY_mm,40.0,NA,NA
### Meteorologic site parameters -------,NA,NA,NA
LAT_DEG,47,NA,NA
ESLOPE_DEG,0,NA,NA
ASPECT_DEG,0,NA,NA
ALB,0.2,NA,NA
ALBSN,0.5,NA,NA
C1,0.25,NA,NA
C2,0.5,NA,NA
C3,0.2,NA,NA
WNDRAT,0.3,NA,NA
FETCH,5000,NA,NA
Z0W,0.005,NA,NA
ZW,2,NA,NA
### Canopy parameters -------,NA,NA,NA
MAXLAI,NA,3.0,4.5
DENSEF_baseline_,NA,1.0,1.0
SAI_baseline_,NA,1.0,1.5
AGE_baseline_yrs,NA,100,80
HEIGHT_baseline_m,NA,25.0,28.0
LWIDTH,NA,0.08,0.04
Z0G,0.00325,NA,NA
Z0S,0.001,NA,NA
LPC,4.0,NA,NA
CZS,0.13,NA,NA
CZR,0.05,NA,NA
HS,1.0,NA,NA
HR,10.0,NA,NA
ZMINH,2.0,NA,NA
RHOTP,NA,2.0,3.0
NN,2.5,NA,NA
### Interception parameters -------,NA,NA,NA
FRINTLAI,NA,0.06,0.06
FSINTLAI,NA,0.04,0.04
FRINTSAI,NA,0.06,0.06
FSINTSAI,NA,0.04,0.04
CINTRL,NA,0.15,0.15
CINTRS,NA,0.15,0.15
CINTSL,NA,0.60,0.60
CINTSS,NA,0.60,0.60
RSTEMP,-0.5,NA,NA
### Snowpack parameters -------,NA,NA,NA
MELFAC,1.5,NA,NA
CCFAC,0.3,NA,NA
LAIMLT,0.2,NA,NA
SAIMLT,0.5,NA,NA
GRDMLT,0.35,NA,NA
MAXLQF,0.05,NA,NA
KSNVP,0.3,NA,NA
SNODEN,0.3,NA,NA
### Leaf evaporation parameters (affecting PE) -------,NA,NA,NA
GLMAX,NA,0.00868,0.00550
GLMIN,NA,0.0003,0.0002
CR,NA,0.60,0.50
RM,1000,NA,NA
R5,NA,287,200
CVPD,NA,2.0,2.0
TL,NA,0,0
T1,NA,10,8
T2,NA,30,25
TH,NA,40,35
### Plant parameters (affecting soil-water supply) -------,NA,NA,NA
MXKPL,NA,15.64,10.50
MXRTLN,NA,3000,4500
INITRLEN,NA,12,12
INITRDEP,NA,0.25,0.25
RGRORATE,NA,0.03,0.02
RGROPER,NA,30,30
FXYLEM,NA,0.50,0.40
PSICR,NA,-1.50000,-2.20000
RTRAD,NA,0.35,0.25
NOOUTF,NA,1,1
### Soil parameters -------,NA,NA,NA
IDEPTH_m,0.4,NA,NA
QDEPTH_m,0,NA,NA
RSSA,795.29579,NA,NA
RSSB,1,NA,NA
INFEXP,0.45,NA,NA
BYPAR,0,NA,NA
QFPAR,1,NA,NA
QFFC,0,NA,NA
IMPERV,0,NA,NA
DSLOPE,0,NA,NA
LENGTH_SLOPE,200,NA,NA
DRAIN,0.51,NA,NA
GSC,0,NA,NA
GSP,0,NA,NA
### Numerical solver parameters -------,NA,NA,NA
DTIMAX,0.5,NA,NA
DSWMAX,0.05,NA,NA
DPSIMAX,0.0005,NA,NA

