dates,globrad_MJDayM2,tmax_degC,tmin_degC,vappres_kPa,windspeed_ms,prec_mmDay,densef_,height_m,lai_,sai_,age_yrs
2016-01-01,4.08,5.5,-1.1,0.53,1.22,3.2,1,23,1.752,1,200
2016-01-02,1.61,3.36,-2.08,0.49,0.89,0.2,1,23,1.752,1,200.00274
2016-01-03,1.77,-0.53,-3.64,0.46,0.61,0,1,23,1.752,1,200.00548
2016-01-04,1.14,-0.86,-2.76,0.48,1.73,0,1,23,1.752,1,200.00822
2016-01-05,7.01,2.04,-2.95,0.44,1.79,2.6,1,23,1.752,1,200.01096
2016-01-06,4.56,0.93,-3.51,0.4,1.34,0.2,1,23,1.752,1,200.0137
2016-01-07,0.7,1.62,-3.19,0.46,2.84,10.8,1,23,1.752,1,200.01644
2016-01-08,1.79,4.48,-1.27,0.55,2.45,7.2,1,23,1.752,1,200.01918
2016-01-09,1.16,3.95,0.78,0.58,0.87,14,1,23,1.752,1,200.02192
2016-01-10,0.89,2.64,-0.55,0.53,1.91,5.2,1,23,1.752,1,200.02466
2016-01-11,1.45,3.49,-3.16,0.52,3.44,6.6,1,23,1.752,1,200.0274
2016-01-12,1.64,-2.44,-4.49,0.43,3.15,0,1,23,1.752,1,200.03014
2016-01-13,3.24,-4.25,-7.99,0.32,3.36,0,1,23,1.752,1,200.03288
2016-01-14,2.45,-2.14,-8.05,0.29,3.08,0,1,23,1.752,1,200.03562
2016-01-15,6.47,-4.01,-8.73,0.3,2.47,0,1,23,1.752,1,200.03836
2016-01-16,3.08,-6.1,-9.04,0.29,1.77,0,1,23,1.752,1,200.0411
2016-01-17,2.45,-8.01,-13.32,0.25,2.86,0,1,23,1.752,1,200.04384
2016-01-18,6.68,-1.69,-13.63,0.17,2.69,0,1,23,1.752,1,200.04658
2016-01-19,3.05,-2.25,-5.74,0.37,1.55,0,1,23,1.752,1,200.04932
2016-01-20,2.96,0.25,-4.29,0.45,0.55,0,1,23,1.752,1,200.05205
2016-01-21,6.52,2.01,-6.11,0.33,1.5,0,1,23,1.752,1,200.05479
2016-01-22,8.84,8.03,-2.99,0.17,1.58,0.2,1,23,1.752,1,200.05753
2016-01-23,7.47,4.45,-0.82,0.48,2.49,4.8,1,23,1.752,1,200.06027
2016-01-24,4.68,7.79,0.92,0.21,1.5,0,1,23,1.752,1,200.06301
2016-01-25,9.03,12.67,4.31,0.54,1.12,0,1,23,1.752,1,200.06575
2016-01-26,8.08,12.73,4.27,0.46,1.25,0,1,23,1.752,1,200.06849
2016-01-27,6.71,10.92,6.16,0.45,2.15,0,1,23,1.752,1,200.07123
2016-01-28,5.11,7.64,2.23,0.5,1.48,0,1,23,1.752,1,200.07397
2016-01-29,7.38,7.01,0.85,0.61,1.37,1.8,1,23,1.752,1,200.07671
2016-01-30,7.16,7.48,0.2,0.45,3.4,0.2,1,23,1.752,1,200.07945
2016-01-31,0.45,4.49,0.71,0.64,3.82,16.4,1,23,1.752,1,200.08219
2016-02-01,9.27,9.61,5.08,0.62,2.77,0,1,23,1.752,1,200.08493
2016-02-02,8.11,10.39,0.62,0.38,2.07,0,1,23,1.752,1,200.08767
2016-02-03,1,2.25,-6.31,0.43,3.25,0.2,1,23,1.752,1,200.09041
2016-02-04,3.14,-1.68,-6.41,0.4,2.88,0,1,23,1.752,1,200.09315
2016-02-05,9.69,5.8,-1.39,0.56,0.92,11,1,23,1.752,1,200.09589
2016-02-06,9.43,11.42,3.72,0.34,2.11,4.2,1,23,1.752,1,200.09863
2016-02-07,2.53,4.99,-2.84,0.44,2.55,0,1,23,1.752,1,200.10137
2016-02-08,8.25,6.97,-2.8,0.45,4.3,6.6,1,23,1.752,1,200.10411
2016-02-09,2.93,4.9,-5.51,0.48,4.18,0.6,1,23,1.752,1,200.10685
2016-02-10,5.13,-3.38,-6.93,0.34,2.77,0,1,23,1.752,1,200.10959
2016-02-11,10.72,-0.36,-8.88,0.35,0.93,0.6,1,23,1.752,1,200.11233
2016-02-12,3.8,-1.29,-6.21,0.38,1.73,0,1,23,1.752,1,200.11507
2016-02-13,6.16,3.25,-2.27,0.51,3.48,2.6,1,23,1.752,1,200.11781
2016-02-14,5.39,2.64,-2.9,0.51,1.89,1.2,1,23,1.752,1,200.12055
2016-02-15,2.18,-1.66,-5.46,0.42,0.15,0,1,23,1.752,1,200.12329
2016-02-16,0.92,-3.03,-6.02,0.39,0.03,0,1,23,1.752,1,200.12603
2016-02-17,4.32,0.7,-6.45,0.41,0.23,0.4,1,23,1.752,1,200.12877
2016-02-18,8.45,0.89,-6.36,0.41,0.43,0.2,1,23,1.752,1,200.13151
2016-02-19,3.27,-3.88,-7.77,0.35,2.53,0,1,23,1.752,1,200.13425
2016-02-20,2.16,4.21,-7.96,0.43,3.2,14.6,1,23,1.752,1,200.13699
2016-02-21,14.28,12.73,5.04,0.54,3.74,1.8,1,23,1.752,1,200.13973
2016-02-22,9.3,10.45,2.05,0.5,2.6,4,1,23,1.752,1,200.14247
2016-02-23,2.13,1.79,-4.94,0.5,2.56,0.4,1,23,1.752,1,200.14521
2016-02-24,6.14,0.65,-7.31,0.47,0.9,0.6,1,23,1.752,1,200.14795
2016-02-25,4.16,0.67,-5.22,0.49,1.66,0.6,1,23,1.752,1,200.15068
2016-02-26,6.95,-1.84,-6.24,0.38,0.87,0,1,23,1.752,1,200.15342
2016-02-27,13.11,5.97,-3.05,0.35,2.64,7.8,1,23,1.752,1,200.15616
2016-02-28,7.98,4.33,-3.41,0.46,1.45,0.8,1,23,1.752,1,200.1589
2016-02-29,2.41,-2.82,-4.94,0.43,0.05,0,1,23,1.752,1,200.16164
2016-03-01,8.26,1.44,-5.31,0.45,1.04,1.8,1,23,1.752,1,200.16438
2016-03-02,5.5,3.63,-6.92,0.5,3.87,8,1,23,1.752,1,200.16712
2016-03-03,3.63,-4.18,-8,0.35,2.8,0,1,23,1.752,1,200.16986
2016-03-04,8.75,3.6,-8.1,0.36,1.79,3.6,1,23,1.752,1,200.1726
2016-03-05,0.72,-0.76,-5.19,0.44,1.04,0,1,23,1.752,1,200.17534
2016-03-06,2.13,-1.26,-7.38,0.35,1.96,0,1,23,1.752,1,200.17808
2016-03-07,3.17,-0.22,-9.63,0.3,1.13,0.4,1,23,1.752,1,200.18082
2016-03-08,5.55,-4.49,-8.83,0.32,1.23,0,1,23,1.752,1,200.18356
2016-03-09,16.96,3.42,-10.91,0.31,1.44,3.8,1,23,1.752,1,200.1863
2016-03-10,19.9,3.31,-6.51,0.35,1.86,3.6,1,23,1.752,1,200.18904
2016-03-11,15.7,2.67,-4.43,0.43,0.64,2.8,1,23,1.752,1,200.19178
2016-03-12,7.76,0.62,-4.4,0.42,0.65,0.4,1,23,1.752,1,200.19452
2016-03-13,3.95,-1.1,-4.1,0.41,0.89,0,1,23,1.752,1,200.19726
2016-03-14,16.05,3.53,-4.91,0.43,1.5,2.2,1,23,1.752,1,200.2
2016-03-15,12.65,4.45,-4.58,0.41,1.26,0.6,1,23,1.752,1,200.20274
2016-03-16,8.72,1.01,-5.65,0.38,1.15,0.2,1,23,1.752,1,200.20548
2016-03-17,19.63,6.67,-1.11,0.34,2.28,0.8,1,23,1.752,1,200.20822
2016-03-18,19.84,7.38,-1.6,0.4,1.9,0,1,23,1.752,1,200.21096
2016-03-19,20.21,8.9,-0.99,0.42,1.75,0,1,23,1.752,1,200.2137
2016-03-20,19.2,8.72,0.5,0.43,1.36,0,1,23,1.752,1,200.21644
2016-03-21,17.56,6.47,-0.84,0.54,1.03,0,1,23,1.752,1,200.21918
2016-03-22,12.12,3.18,-3.41,0.46,0.84,0,1,23,1.752,1,200.22192
2016-03-23,9.8,1.05,-4.34,0.37,1.82,0,1,23,1.752,1,200.22466
2016-03-24,16.68,4.01,-4.92,0.43,1.69,0,1,23,1.752,1,200.2274
2016-03-25,5.5,0.11,-1.63,0.51,1.77,0.2,1,23,1.752,1,200.23014
2016-03-26,21.32,10.04,-1.7,0.55,1.61,6.6,1,23,1.752,1,200.23288
2016-03-27,6.1,5.91,-1.91,0.48,1.78,0.8,1,23,1.752,1,200.23562
2016-03-28,11.2,7.4,-1.85,0.39,2.58,0.8,1,23,1.752,1,200.23836
2016-03-29,9.92,7.12,2.04,0.51,2.54,1.6,1,23,1.752,1,200.2411
2016-03-30,14.14,12.54,3.92,0.62,2.21,0,1,23,1.752,1,200.24384
2016-03-31,15.55,16.15,7.55,0.47,1.58,0,1,23,1.752,1,200.24658
2016-04-01,6.94,7.79,3.41,0.73,1.55,0,1,23,1.752,1,200.24932
2016-04-02,10.12,15.31,5.81,0.53,1.94,0,1,23,1.752,1,200.25205
2016-04-03,13.26,14.54,6.97,0.58,1.55,0,1,23,1.752,1,200.25479
2016-04-04,18,11.83,5.09,0.73,1.9,0,1,23,1.752,1,200.25753
2016-04-05,10.93,10.17,3.53,0.77,1.13,3,1,23,1.752,1,200.26027
2016-04-06,7.01,6.02,0.69,0.68,0.64,7.4,1,23,1.752,1,200.26301
2016-04-07,5.63,5.06,-1.58,0.59,0.81,0.6,1,23,1.752,1,200.26575
2016-04-08,1.87,-0.23,-2.52,0.52,0,0.6,1,23,1.752,1,200.26849
2016-04-09,3,0.58,-2.55,0.53,0.09,1.4,1,23,1.752,1,200.27123
2016-04-10,23.55,10.42,-1.5,0.61,1.38,8,1,23,1.752,1,200.27397
2016-04-11,20.38,12.92,2.84,0.64,1.89,0,1,23,1.752,1,200.27671
2016-04-12,23.9,13.03,2.53,0.72,1.74,0,1,23,1.752,1,200.27945
2016-04-13,6.22,5.09,-0.12,0.66,1.68,6.2,1,23,1.752,1,200.28219
2016-04-14,16.12,8.58,0.06,0.64,1.31,11.2,1,23,1.752,1,200.28493
2016-04-15,8.89,10.61,4.17,0.6,1.82,1.2,1,23,1.752,1,200.28767
2016-04-16,15.29,12.56,4.02,0.68,2.05,0.6,1,23,1.752,1,200.29041
2016-04-17,10.92,8.12,0.77,0.68,2.26,9.8,1,23,1.752,1,200.29315
2016-04-18,6.66,0.61,-2.1,0.54,0.13,2,1,23,1.752,1,200.29589
2016-04-19,19.82,7.48,-1.99,0.63,1.41,11,1,23,1.752,1,200.29863
2016-04-20,26.43,13.44,3.22,0.51,2.44,0,1,23,1.752,1,200.30137
2016-04-21,24.41,16.64,7.57,0.59,1.73,0,1,23,1.752,1,200.30411
2016-04-22,13.09,11.15,4.22,0.76,1.47,13.2,1,23,1.752,1,200.30685
2016-04-23,4.47,4.34,-1.46,0.66,1.62,14.8,1,23,1.752,1,200.30959
2016-04-24,1.83,-0.18,-5.2,0.44,0.16,0.2,1,23,1.752,1,200.31233
2016-04-25,5.5,-0.26,-6.43,0.42,1.56,1,1,23,1.752,1,200.31507
2016-04-26,11.69,1.86,-4.24,0.44,2.99,3.6,1,23,1.752,1,200.31781
2016-04-27,20.49,-0.42,-6.61,0.4,1.25,1,1,23,1.752,1,200.32055
2016-04-28,27.71,4.46,-5.56,0.38,1.43,9,1,23,1.752,1,200.32329
2016-04-29,28.54,7.84,-2.93,0.5,2.08,0.6,1,23,1.752,1,200.32603
2016-04-30,17.53,9.06,-1.08,0.57,1.81,2.2,1,23,1.752,1,200.32877
2016-05-01,2.02,1.73,-2.07,0.56,0.26,2.6,1,23,1.752,1,200.33151
2016-05-02,13.53,5.38,-1.07,0.63,1.14,23.6,1,23,1.752,1,200.33425
2016-05-03,7.18,5.56,-0.84,0.6,1.36,13.6,1,23,1.752,1,200.33699
2016-05-04,10.06,4.38,-2.13,0.53,1.14,9,1,23,1.752,1,200.33973
2016-05-05,29.58,12.83,0.22,0.46,2.65,0.2,1,23,1.752,1,200.34247
2016-05-06,29.67,15.57,5.47,0.51,2.49,0,1,23,1.752,1,200.34521
2016-05-07,27.35,16.39,5.24,0.53,2.28,0,1,23,1.752,1,200.34795
2016-05-08,26.67,16.68,6.45,0.55,2.29,0,1,23,1.752,1,200.35068
2016-05-09,15.65,15.32,8.62,0.69,1.52,0.2,1,23,1.752,1,200.35342
2016-05-10,26.04,16.03,8.91,0.81,2.01,0.2,1,23,1.752,1,200.35616
2016-05-11,13.97,13.14,6.32,0.86,1.15,19.8,1,23,1.752,1,200.3589
2016-05-12,3.89,5.22,2.33,0.72,1.45,57.2,1,23,1.752,1,200.36164
2016-05-13,3.82,5.74,1.77,0.77,1.16,40.4,1,23,1.752,1,200.36438
2016-05-14,4.87,6.16,1.09,0.73,1.19,47.6,1,23,1.752,1,200.36712
2016-05-15,20.64,5.44,-1.49,0.55,1.44,3.8,1,23,1.752,1,200.36986
2016-05-16,16.08,4.24,-2.02,0.52,1.32,0.2,1,23,1.752,1,200.3726
2016-05-17,26.32,9.69,0.81,0.62,1.38,0,1,23,1.752,1,200.37534
2016-05-18,27.75,12.89,2.69,0.71,1.58,6.4,1,23,1.752,1,200.37808
2016-05-19,8.49,3.6,0.43,0.62,1.46,11,1,23,1.752,1,200.38082
2016-05-20,25.14,11.76,0.3,0.7,0.92,1,1,23,1.752,1,200.38356
2016-05-21,29.37,18.01,5.7,0.81,1.48,0,1,23,1.752,1,200.3863
2016-05-22,25.05,18.9,3.58,0.91,3.05,7.2,1,23,1.752,1,200.38904
2016-05-23,3.07,2.5,-0.18,0.58,0.5,8.4,1,23,1.752,1,200.39178
2016-05-24,10.6,5.14,-0.01,0.66,0.86,31.6,1,23,1.752,1,200.39452
2016-05-25,24.56,13.94,2.98,0.78,1.14,2,1,23,1.752,1,200.39726
2016-05-26,23.9,16.64,7.01,0.89,0.77,0,1,23,1.752,1,200.4
2016-05-27,26.9,19.72,10.3,1.04,1.18,12.8,1,23,1.752,1,200.40274
2016-05-28,15.24,16.89,9.05,1.08,1.77,17,1,23,1.752,1,200.40548
2016-05-29,6.2,10.24,6.64,0.96,1.15,31,1,23,1.752,1,200.40822
2016-05-30,11.15,10.4,5.94,0.79,1.9,3.4,1,23,1.752,1,200.41096
2016-05-31,11.03,11.23,5.83,0.86,0.73,4.6,1,23,1.752,1,200.4137
2016-06-01,5.29,9.31,5.56,0.94,0.23,3.6,1,23,1.752,1,200.41644
2016-06-02,13.72,9.91,6.66,0.92,0.37,5.4,1,23,1.752,1,200.41918
2016-06-03,9.66,11.45,6.75,0.99,0.25,19.8,1,23,1.752,1,200.42192
2016-06-04,11.49,11.3,7.33,0.94,0.35,6.8,1,23,1.752,1,200.42466
2016-06-05,12.02,12.4,7.32,1.01,0.29,14.8,1,23,1.752,1,200.4274
2016-06-06,27.56,16.86,6.94,1.1,1.64,14.2,1,23,1.752,1,200.43014
2016-06-07,21.59,16.5,10.61,1.12,0.74,0.2,1,23,1.752,1,200.43288
2016-06-08,10.42,12.44,7.9,1.02,0.95,16.8,1,23,1.752,1,200.43562
2016-06-09,9.48,11.35,6.25,0.9,1.08,25.8,1,23,1.79371,1,200.43836
2016-06-10,29.5,16.41,5.94,0.89,1.27,0.2,1,23,1.83543,1,200.4411
2016-06-11,9.38,11.46,7.69,0.89,1.47,10.2,1,23,1.87714,1,200.44384
2016-06-12,15.28,11.57,6.77,0.88,1.52,4,1,23,1.91886,1,200.44658
2016-06-13,9.78,11.17,6.06,0.89,1.99,12.4,1,23,1.96057,1,200.44932
2016-06-14,10.13,9.66,5.89,0.82,1.91,11,1,23,2.00229,1,200.45205
2016-06-15,18.54,11.7,4.58,0.83,1.32,2,1,23,2.044,1,200.45479
2016-06-16,8.74,10.82,3.55,0.86,1.29,21.6,1,23,2.08571,1,200.45753
2016-06-17,27.03,13.39,3.29,0.77,1.79,17.4,1,23,2.12743,1,200.46027
2016-06-18,14.92,11.66,5.15,0.83,0.84,7.4,1,23,2.16914,1,200.46301
2016-06-19,6.63,7.26,4.22,0.82,0.18,24.2,1,23,2.21086,1,200.46575
2016-06-20,23.89,13.52,3.89,0.94,0.72,0.8,1,23,2.25257,1,200.46849
2016-06-21,8.11,13.73,8.47,1.18,1.17,6.8,1,23,2.29429,1,200.47123
2016-06-22,30.69,22.86,10.78,1.49,1.16,0,1,23,2.336,1,200.47397
2016-06-23,31.82,26.13,16.21,1.44,1.45,0,1,23,2.37771,1,200.47671
2016-06-24,26.18,22.87,15.75,1.46,0.8,0,1,23,2.41943,1,200.47945
2016-06-25,10.55,16.85,7.5,1.19,1.58,63,1,23,2.46114,1,200.48219
2016-06-26,6.72,9.92,7.28,0.97,0.2,0.6,1,23,2.50286,1,200.48493
2016-06-27,22.81,14.83,6.63,0.92,0.84,0,1,23,2.54457,1,200.48767
2016-06-28,29.7,17.66,7.64,1.05,1.16,0,1,23,2.58629,1,200.49041
2016-06-29,28.31,20.03,10.93,1.28,0.9,1.8,1,23,2.628,1,200.49315
2016-06-30,18.52,16.58,10.61,1.25,1.46,32,1,23,2.66971,1,200.49589
2016-07-01,28.84,19.37,10.6,1.26,0.73,0,1,23,2.71143,1,200.49863
2016-07-02,7.47,15.53,7.36,1.11,1.87,17,1,23,2.75314,1,200.50137
2016-07-03,28.44,15.17,6.44,0.92,1.37,0,1,23,2.79486,1,200.50411
2016-07-04,31.76,18.59,8.41,1.16,1,0,1,23,2.83657,1,200.50685
2016-07-05,24.12,18.43,11.77,1.2,1.27,1.4,1,23,2.87829,1,200.50959
2016-07-06,29.03,17.89,10.08,1.13,1,0,1,23,2.92,1,200.51233
2016-07-07,30.93,19.45,9.83,1.22,1.4,0,1,23,2.92,1,200.51507
2016-07-08,25.99,21.32,13.5,1.13,1.27,0,1,23,2.92,1,200.51781
2016-07-09,29.51,21.06,13.37,1.29,1.53,0,1,23,2.92,1,200.52055
2016-07-10,31.16,25.09,14.43,1.41,0.84,0,1,23,2.92,1,200.52329
2016-07-11,18.77,22.71,13.18,1.4,1,16,1,23,2.92,1,200.52603
2016-07-12,5.59,13.87,7.38,1.2,1.01,41.4,1,23,2.92,1,200.52877
2016-07-13,5.99,8.19,2.99,0.81,2,24.6,1,23,2.92,1,200.53151
2016-07-14,6.35,5.2,2.38,0.73,0.69,12,1,23,2.92,1,200.53425
2016-07-15,8.29,8.19,2.59,0.76,0.73,0.2,1,23,2.92,1,200.53699
2016-07-16,30.78,14.31,3.37,0.81,1.74,0,1,23,2.92,1,200.53973
2016-07-17,30.46,20.14,8.18,1,0.71,0,1,23,2.92,1,200.54247
2016-07-18,30.91,22.86,13.16,1.09,1.02,0,1,23,2.92,1,200.54521
2016-07-19,30.56,23.38,14.04,1.14,0.87,0,1,23,2.92,1,200.54795
2016-07-20,30.18,25.59,15.4,1.08,0.77,0,1,23,2.92,1,200.55068
2016-07-21,19.01,21.34,13.55,1.33,1.78,9.6,1,23,2.92,1,200.55342
2016-07-22,10.4,17.28,12.08,1.25,1.17,8.8,1,23,2.92,1,200.55616
2016-07-23,9.38,15.45,11.09,1.28,0.38,2.2,1,23,2.92,1,200.5589
2016-07-24,11.72,17.48,10.24,1.31,0.28,2.2,1,23,2.92,1,200.56164
2016-07-25,15.57,17.02,11.67,1.2,1.2,4.29,1,23,2.92,1,200.56438
2016-07-26,10.04,17.47,11.98,1.36,0.6,4.4,1,23,2.92,1,200.56712
2016-07-27,18.36,17.59,10.62,1.25,1.06,2.6,1,23,2.92,1,200.56986
2016-07-28,24.79,17.86,9.54,1.19,0.79,0,1,23,2.92,1,200.5726
2016-07-29,28.75,20.7,11.19,1.3,0.55,0,1,23,2.92,1,200.57534
2016-07-30,19.8,21.27,14.53,1.11,0.93,0.2,1,23,2.92,1,200.57808
2016-07-31,10.54,17.8,10.03,1.14,1.62,22.8,1,23,2.92,1,200.58082
2016-08-01,11.27,15.78,9.07,1.09,0.29,0.2,1,23,2.92,1,200.58356
2016-08-02,12.25,15.99,9.13,1.04,0.67,0,1,23,2.92,1,200.5863
2016-08-03,26.45,21.32,12.04,1.12,1.13,0,1,23,2.92,1,200.58904
2016-08-04,22.53,22.61,10.19,1.09,1.29,22,1,23,2.92,1,200.59178
2016-08-05,5.23,9.38,6.88,0.93,1.02,33.6,1,23,2.92,1,200.59452
2016-08-06,9.65,13.06,6.99,1,0.81,0.8,1,23,2.92,1,200.59726
2016-08-07,28.59,18.3,7.5,1.11,1.31,0,1,23,2.92,1,200.6
2016-08-08,27.25,20.27,11.5,1.25,1.27,0,1,23,2.92,1,200.60274
2016-08-09,7.84,13.64,5.23,1.07,1.04,18.2,1,23,2.92,1,200.60548
2016-08-10,12.32,10.52,3.72,0.81,0.6,12.2,1,23,2.92,1,200.60822
2016-08-11,23.63,12.61,2.6,0.78,1.06,0,1,23,2.92,1,200.61096
2016-08-12,24.58,16.25,7.13,0.95,0.67,0,1,23,2.92,1,200.6137
2016-08-13,26.84,20.54,10.76,1.19,0.49,0,1,23,2.92,1,200.61644
2016-08-14,27.56,22.32,12.93,1.33,0.82,0,1,23,2.92,1,200.61918
2016-08-15,22.25,21.56,13.62,1.29,1.1,0,1,23,2.92,1,200.62192
2016-08-16,23.86,21.67,13.12,1.17,1.19,4,1,23,2.92,1,200.62466
2016-08-17,20.05,20.12,10.59,1.1,1.56,16.8,1,23,2.92,1,200.6274
2016-08-18,6.92,16.12,11.14,1.13,0.93,25.8,1,23,2.92,1,200.63014
2016-08-19,19.4,17.79,10.13,1.31,0.49,6.6,1,23,2.92,1,200.63288
2016-08-20,5.32,15.39,8.66,1.07,1.24,10.4,1,23,2.92,1,200.63562
2016-08-21,22.73,13.69,7.13,0.88,1.58,0,1,23,2.92,1,200.63836
2016-08-22,25.58,16.39,4.66,0.93,1.28,0,1,23,2.92,1,200.6411
2016-08-23,25.33,21.77,12.07,1.11,1.11,0,1,23,2.92,1,200.64384
2016-08-24,25.35,23.99,15.45,1.33,0.82,0,1,23,2.92,1,200.64658
2016-08-25,24.92,24.74,16.54,1.48,0.43,0,1,23,2.92,1,200.64932
2016-08-26,25.08,24.92,16.19,1.41,1.1,0,1,23,2.92,1,200.65205
2016-08-27,20.67,24.13,15.95,1.4,1.06,0,1,23,2.92,1,200.65479
2016-08-28,21.68,23.74,14.91,1.2,0.76,0,1,23,2.92,1,200.65753
2016-08-29,8.44,16.12,10.69,1.32,0.56,0.8,1,23,2.92,1,200.66027
2016-08-30,9.67,14.85,9.56,1.23,0.7,0,1,23,2.92,1,200.66301
2016-08-31,16.81,18.97,11.86,1.28,0.63,2,1,23,2.92,1,200.66575
2016-09-01,21.88,19.8,11.22,1.29,0.74,0,1,23,2.92,1,200.66849
2016-09-02,22.93,20.2,11.52,1.28,0.92,0,1,23,2.92,1,200.67123
2016-09-03,20.62,19.97,11.36,1.17,0.43,0,1,23,2.92,1,200.67397
2016-09-04,9.82,19.59,9.52,0.95,1.92,24.2,1,23,2.92,1,200.67671
2016-09-05,2.02,10.5,8,1.09,1.12,44.6,1,23,2.92,1,200.67945
2016-09-06,10.09,13.16,6.76,1.01,1.36,0,1,23,2.92,1,200.68219
2016-09-07,22.56,19.54,8.72,1.07,1.17,0,1,23,2.92,1,200.68493
2016-09-08,22.96,20.86,12.05,1.18,0.85,0,1,23,2.92,1,200.68767
2016-09-09,25.36,20.38,11.47,1.29,1.17,0,1,23,2.92,1,200.69041
2016-09-10,22.84,20.51,12.49,1.31,0.66,0,1,23,2.92,1,200.69315
2016-09-11,20.42,19.91,12.33,1.3,1.12,0,1,23,2.92,1,200.69589
2016-09-12,17.76,21.47,13.57,1.22,0.75,0,1,23,2.92,1,200.69863
2016-09-13,20.61,21.24,13.07,1.16,1.23,0,1,23,2.92,1,200.70137
2016-09-14,21.12,20.24,12.6,1.05,1.85,0,1,23,2.92,1,200.70411
2016-09-15,6.15,15.04,9.44,1.1,0.95,0,1,23,2.92,1,200.70685
2016-09-16,3.05,9.37,6.44,0.98,0.53,5.6,1,23,2.92,1,200.70959
2016-09-17,7.43,8.35,5.78,0.86,1.04,4.6,1,23,2.92,1,200.71233
2016-09-18,5,8.13,5.9,0.94,0.49,11,1,23,2.92,1,200.71507
2016-09-19,7.73,10.15,5.27,0.9,0.38,7.2,1,23,2.92,1,200.71781
2016-09-20,5.7,8.76,5.39,0.9,0.19,0,1,23,2.92,1,200.72055
2016-09-21,7.08,9.14,5.6,0.93,0.28,0,1,23,2.92,1,200.72329
2016-09-22,18.42,14.27,5.16,0.95,0.8,0,1,23,2.89986,1,200.72603
2016-09-23,12.23,13.24,7.99,0.99,0.58,0,1,23,2.87972,1,200.72877
2016-09-24,18.77,16.6,6.95,0.98,0.7,0,1,23,2.85959,1,200.73151
2016-09-25,18.47,15.82,7.85,0.98,0.66,0,1,23,2.83945,1,200.73425
2016-09-26,12.12,15.24,7.63,1.03,0.9,1,1,23,2.81931,1,200.73699
2016-09-27,12.1,13.97,7.46,1.01,0.92,10,1,23,2.79917,1,200.73973
2016-09-28,17.39,16.54,7.39,0.99,0.77,0,1,23,2.77903,1,200.74247
2016-09-29,17.53,17.9,9.51,0.97,0.36,0,1,23,2.7589,1,200.74521
2016-09-30,17.61,16.42,8.35,0.8,1.34,0,1,23,2.73876,1,200.74795
2016-10-01,8.06,13.39,7.35,0.89,0.48,0.2,1,23,2.71862,1,200.75068
2016-10-02,8.89,10.66,2.92,0.79,2.26,8,1,23,2.69848,1,200.75342
2016-10-03,16.18,9.38,1.32,0.68,0.8,0,1,23,2.67834,1,200.75616
2016-10-04,12.63,8.69,1.5,0.71,1.44,0,1,23,2.65821,1,200.7589
2016-10-05,4.53,5.1,-0.71,0.66,0.71,0,1,23,2.63807,1,200.76164
2016-10-06,15.87,7.17,-2.2,0.56,1.15,0.2,1,23,2.61793,1,200.76438
2016-10-07,15.47,9.63,0.88,0.64,0.24,0,1,23,2.59779,1,200.76712
2016-10-08,9.66,7.04,0.87,0.67,0.37,0,1,23,2.57766,1,200.76986
2016-10-09,4.2,1.94,-2.37,0.57,0.35,0.2,1,23,2.55752,1,200.7726
2016-10-10,3.76,1.7,-2.84,0.53,0.26,3.4,1,23,2.53738,1,200.77534
2016-10-11,2.87,0.3,-3.1,0.5,0.49,0.4,1,23,2.51724,1,200.77808
2016-10-12,14.83,5.74,-3.54,0.49,0.89,2,1,23,2.4971,1,200.78082
2016-10-13,4.72,8.3,1.79,0.53,1.59,3,1,23,2.47697,1,200.78356
2016-10-14,6.23,12.65,6.48,0.73,1.07,7.8,1,23,2.45683,1,200.7863
2016-10-15,6.51,8.97,5.4,0.84,0.24,0,1,23,2.43669,1,200.78904
2016-10-16,12.71,15.04,5.57,0.76,1.15,0,1,23,2.41655,1,200.79178
2016-10-17,3.8,10.21,5.35,0.78,1.2,4.4,1,23,2.39641,1,200.79452
2016-10-18,5.64,6.36,3.47,0.75,0.96,6.6,1,23,2.37628,1,200.79726
2016-10-19,7.42,6.32,0.02,0.63,1.38,0.8,1,23,2.35614,1,200.8
2016-10-20,12.89,5.73,-0.95,0.55,0.64,0.2,1,23,2.336,1,200.80274
2016-10-21,5.23,2.92,-0.43,0.53,0.69,0.2,1,23,2.31586,1,200.80548
2016-10-22,13.11,7.26,-1.58,0.53,1.15,0,1,23,2.29572,1,200.80822
2016-10-23,4.98,10.24,2.6,0.58,1.45,1.6,1,23,2.27559,1,200.81096
2016-10-24,9.97,18.01,8.91,0.73,0.94,0,1,23,2.25545,1,200.8137
2016-10-25,1.31,10.25,7.33,0.9,0.82,33.4,1,23,2.23531,1,200.81644
2016-10-26,2.29,8.11,3.92,0.89,0.09,19.6,1,23,2.21517,1,200.81918
2016-10-27,5.28,8.4,2.76,0.65,1.08,0,1,23,2.19503,1,200.82192
2016-10-28,12.33,17.7,6.42,0.46,0.63,0,1,23,2.1749,1,200.82466
2016-10-29,11.81,15.79,7.25,0.53,0.75,0,1,23,2.15476,1,200.8274
2016-10-30,11.88,14.74,7,0.61,1.03,0,1,23,2.13462,1,200.83014
2016-10-31,10.73,14.51,6.75,0.55,0.84,0,1,23,2.11448,1,200.83288
2016-11-01,11.48,16.62,5.97,0.53,0.33,0,1,23,2.09434,1,200.83562
2016-11-02,9.91,9.48,1.83,0.68,1.45,0,1,23,2.07421,1,200.83836
2016-11-03,7.78,4.07,-0.36,0.55,0.68,0.2,1,23,2.05407,1,200.8411
2016-11-04,8.59,11.83,2.28,0.39,1.55,0,1,23,2.03393,1,200.84384
2016-11-05,5.47,10.14,1.47,0.71,1.58,18.8,1,23,2.01379,1,200.84658
2016-11-06,0.44,1.3,-4,0.48,0,1.8,1,23,1.99366,1,200.84932
2016-11-07,0.88,-2.3,-7.54,0.37,0,0,1,23,1.97352,1,200.85205
2016-11-08,0.57,-3.42,-7.67,0.33,0,0,1,23,1.95338,1,200.85479
2016-11-09,0.89,-0.11,-6.7,0.39,1.92,0.2,1,23,1.93324,1,200.85753
2016-11-10,1.23,-0.59,-2.41,0.52,2.09,0,1,23,1.9131,1,200.86027
2016-11-11,1.74,-0.54,-4.35,0.46,2.32,0,1,23,1.89297,1,200.86301
2016-11-12,7.31,1.93,-5.65,0.39,0.72,1.6,1,23,1.87283,1,200.86575
2016-11-13,5.38,4.34,-1.81,0.35,0.99,2.6,1,23,1.85269,1,200.86849
2016-11-14,4.58,-0.05,-3.83,0.51,0.24,0,1,23,1.83255,1,200.87123
2016-11-15,6.92,8,-2.19,0.32,0.7,4.6,1,23,1.81241,1,200.87397
2016-11-16,4.87,8.94,4.46,0.68,1.03,3.4,1,23,1.79228,1,200.87671
2016-11-17,6.69,8.57,5.32,0.66,2.44,0,1,23,1.77214,1,200.87945
2016-11-18,3.85,8.9,2.08,0.61,2.07,5,1,23,1.752,1,200.88219
2016-11-19,4.78,1.6,-2.22,0.47,2.38,9,1,23,1.752,1,200.88493
2016-11-20,6.68,10.75,2.7,0.34,1.66,3.2,1,23,1.752,1,200.88767
2016-11-21,2.94,11.32,7.52,0.48,1.56,0,1,23,1.752,1,200.89041
2016-11-22,6.29,11.16,4.91,0.59,1.49,0,1,23,1.752,1,200.89315
2016-11-23,2.7,12.13,8.48,0.56,2.1,0,1,23,1.752,1,200.89589
2016-11-24,4.98,11.88,6.14,0.56,1.69,0,1,23,1.752,1,200.89863
2016-11-25,2.84,9.34,2.69,0.63,1.18,0,1,23,1.752,1,200.90137
2016-11-26,4.64,5.83,1.39,0.62,0.35,0,1,23,1.752,1,200.90411
2016-11-27,7,7.35,-0.52,0.58,0.4,0,1,23,1.752,1,200.90685
2016-11-28,3.93,0.83,-5.76,0.47,0.48,0,1,23,1.752,1,200.90959
2016-11-29,7.82,5.59,-7.04,0.43,0.29,0,1,23,1.752,1,200.91233
2016-11-30,7.82,6.85,-1.98,0.37,0.61,0,1,23,1.752,1,200.91507
2016-12-01,7.38,10.25,0.25,0.25,0.24,0,1,23,1.752,1,200.91781
2016-12-02,7.66,9.66,0.32,0.37,0.68,0,1,23,1.752,1,200.92055
2016-12-03,6.88,6.71,-1.55,0.31,0.53,0,1,23,1.752,1,200.92329
2016-12-04,7.49,6.29,-1.91,0.36,1.48,0,1,23,1.752,1,200.92603
2016-12-05,7.33,7.52,-0.22,0.43,1.01,0,1,23,1.752,1,200.92877
2016-12-06,7.15,7.42,-0.18,0.39,1.98,0,1,23,1.752,1,200.93151
2016-12-07,7.04,11.79,1.74,0.19,0.9,0,1,23,1.752,1,200.93425
2016-12-08,7.13,13.11,3.62,0.17,0.55,0,1,23,1.752,1,200.93699
2016-12-09,6.36,12.75,4.51,0.19,0.66,0,1,23,1.752,1,200.93973
2016-12-10,7.19,14.66,6.29,0.22,0.26,0,1,23,1.752,1,200.94247
2016-12-11,4.88,7.75,-0.67,0.38,0.7,0,1,23,1.752,1,200.94521
2016-12-12,7.01,8.42,-1.08,0.33,1.21,0,1,23,1.752,1,200.94795
2016-12-13,6.17,8.33,0.82,0.27,0.73,0,1,23,1.752,1,200.95068
2016-12-14,6.87,8.86,0.95,0.28,1.42,0,1,23,1.752,1,200.95342
2016-12-15,6.96,6.98,-0.3,0.36,0.67,0,1,23,1.752,1,200.95616
2016-12-16,6.95,8.77,-0.21,0.32,0.41,0,1,23,1.752,1,200.9589
2016-12-17,6.97,8.3,0.19,0.3,1.22,0,1,23,1.752,1,200.96164
2016-12-18,6.61,5.93,-1.51,0.41,0.17,0,1,23,1.752,1,200.96438
2016-12-19,4.76,2.25,-3.89,0.32,1.12,0.2,1,23,1.752,1,200.96712
2016-12-20,6.8,8.23,0.95,0.4,0.32,0,1,23,1.752,1,200.96986
2016-12-21,6.7,11.02,2.03,0.45,0.93,0,1,23,1.752,1,200.9726
2016-12-22,6.65,10.25,2.19,0.43,0.28,0,1,23,1.752,1,200.97534
2016-12-23,6.7,8.18,1.72,0.45,0.51,0,1,23,1.752,1,200.97808
2016-12-24,4.91,6.59,0.82,0.49,2.23,0,1,23,1.752,1,200.98082
2016-12-25,3.19,9.18,3.14,0.5,1.43,0,1,23,1.752,1,200.98356
2016-12-26,5.7,11.59,1.14,0.65,0.5,0.2,1,23,1.752,1,200.9863
2016-12-27,6.81,5.25,-0.82,0.42,1.28,0,1,23,1.752,1,200.98904
2016-12-28,7.1,7.75,0.43,0.23,1.15,0,1,23,1.752,1,200.99178
2016-12-29,7.2,10.47,1.42,0.17,1.08,0,1,23,1.752,1,200.99452
2016-12-30,7.12,6.21,-0.27,0.22,0.33,0,1,23,1.752,1,200.99726
2016-12-31,7.25,10.13,-0.14,0.18,0.62,0,1,23,1.752,1,201
